{"w":{"0":1.336816668510437,"1":0.09273183345794678,"2":-0.8929204940795898,"3":0.4468640983104706,"4":1.0736089944839478,"5":-0.6051591634750366,"6":0.7110321521759033,"7":-0.3957836627960205,"8":0.6561291813850403},"b":{"0":0.6125736236572266,"1":0.08792461454868317,"2":-0.16762526333332062,"3":-0.7468505501747131,"4":0.16427575051784515,"5":0.25614073872566223,"6":-0.22246412932872772,"7":0.5574114918708801,"8":0.32796725630760193}}
